Model,RMSE,MAE,MAPE
LSTM,1429.7130095649597,1102.5484719880994,2.0930074843842057
SARIMA,2674.831119175788,2134.7952481333436,4.029929605698158
Random Forest,2688.1389688853906,1981.3491347736433,3.8160281509388128
Seasonal Naive,3006.7608119599954,2318.5205853174602,4.408919739301198
SARIMAX,3055.2142327903816,2266.8953987706295,4.356206132304563
Mean,4397.29969422285,3788.8331219242546,6.96923835716112
Naive,4459.108546494938,3783.2029342185588,6.790081967086296
Drift,5117.957264105131,4339.890674447435,8.049685103165077
